{
  "1": {
    "class_type": "CheckpointLoaderSimple",
    "inputs": {
      "ckpt_name": "sd_xl_base_1.0.safetensors"
    }
  },
  "2": {
    "class_type": "CLIPTextEncode",
    "inputs": {
      "text": "a photo of a person",
      "clip": [
        "1",
        1
      ]
    }
  },
  "6": {
    "class_type": "CLIPTextEncode",
    "inputs": {
      "text": "PROMPT_GOES_HERE",
      "clip": [
        "1",
        1
      ]
    }
  },
  "7": {
    "class_type": "CLIPTextEncode",
    "inputs": {
      "text": "",
      "clip": [
        "1",
        1
      ]
    }
  },
  "4": {
    "class_type": "VAELoader",
    "inputs": {
      "vae_name": "sdxl_vae.safetensors"
    }
  },
  "5": {
    "class_type": "EmptyLatentImage",
    "inputs": {
      "width": 1024,
      "height": 1024,
      "batch_size": 1
    }
  },
  "3": {
    "class_type": "KSampler",
    "inputs": {
      "seed": 0,
      "steps": 30,
      "cfg": 6.5,
      "sampler_name": "dpmpp_2m",
      "scheduler": "karras",
      "denoise": 1.0,
      "model": [
        "1",
        0
      ],
      "positive": [
        "6",
        0
      ],
      "negative": [
        "7",
        0
      ],
      "latent_image": [
        "5",
        0
      ]
    }
  },
  "8": {
    "class_type": "VAEDecode",
    "inputs": {
      "samples": [
        "3",
        0
      ],
      "vae": [
        "1",
        2
      ]
    }
  },
  "9": {
    "class_type": "SaveImage",
    "inputs": {
      "images": [
        "8",
        0
      ],
      "filename_prefix": "api"
    }
  }
}